basin,nse,kge
1050013070,-4.586373418835715,0.665768504517487
1050013950,0.04735877735738303,0.7277534898818337
1050014220,0.012804229126361921,0.6029922753995645
1050014490,-4.564021695741574,0.6510081595755006
1050014920,-9.210763875200827,0.695026016260963
1050017350,-21.153361846784037,0.2556799830649903
1050030450,0.5113054118683693,0.7254085430720266
1050792830,-0.5355542784536051,-0.9818568268208585
1050792840,-1.3790281605494212,0.3310531707159843
1051315930,-4.299131999020984,0.5847760125583378
1051552590,0.6065889884386901,0.7805946485205215
1051608860,-0.5975369171286049,0.6511375229313259
1051616230,0.20449775267404557,0.7327252579522001
1051628760,-2.8073408036539655,0.46478314340358695
1051629430,-1.1711132208697612,0.22068614050644741
1060013070,-4.586373418835715,0.665768504517487
1060013200,0.23619474592143685,0.7874500446225072
1060013820,-7.166586118731628,0.5041685707153739
1060013950,0.04735877735738303,0.7277534898818337
1060017350,-21.153361846784037,0.2556799830649903
1060023660,0.37973147603649016,0.6868341250073454
1060030310,-0.6706458177389838,0.7131831311934105
1060792830,-0.5355542784536051,-0.9818568268208585
1060807450,0.6683660870925741,0.8688774116619152
1061552590,0.6065889884386901,0.7805946485205215
1061574230,-1.051360512618328,0.5421374674589741
1061586850,-1.8697997192855467,0.4932169758815641
1061608860,-0.5975369171286049,0.6511375229313259
1061609680,-0.03529263487245138,0.41214380720312593
1061638580,0.1412847687372799,0.5466167512768035
1061641370,0.2438528859646798,0.6397987966269315
1061648810,-35.36818815635349,0.3365913168075634
1061658860,-44.529541896667894,0.62382201720812
1061659690,-21.287363990921357,0.5449400937283336
1070012940,0.3924274136445026,0.7399665201086622
1070013200,0.23619474592143685,0.7874500446225072
1070013820,-7.166586118731628,0.5041685707153739
1070015280,0.19723383967312236,0.8085318820247257
1070030310,-0.6706458177389838,0.7131831311934105
1070696150,-1.593124931760098,0.3678767905340079
1070807450,0.6683660870925741,0.8688774116619152
1070874990,-0.2808724423654745,0.8468191016999682
1071391660,-0.49628389264448924,0.8844149631824585
1071567660,-0.8656587054180027,0.32207062225926286
1071570290,-6.082141922123258,0.5563505639301489
1071586850,-1.8697997192855467,0.4932169758815641
1071599330,-0.4626829973580917,0.6122417716554854
1071609580,0.09583451901108386,0.48705179999819337
1071609680,-0.03529263487245138,0.41214380720312593
1071610350,0.28177237623591167,0.6201366000342593
1071612970,-1.8430694273495525,0.41398081723871294
1071617620,-0.6619554124847378,0.5135186183815583
1071648810,-35.36818815635349,0.3365913168075634
1071650170,-5.1725551633505455,0.1295587942652403
2050006110,-0.04292811934593255,0.5874455115133439
2050017150,0.5655178498055184,0.7731119672903193
2050017480,-1.9106801458603386,-0.06564302888844709
2050026920,0.7041704061071029,0.8577691687335299
2050027320,-1.2206375558707574,0.4602673383048559
2050029320,0.2593145065165843,0.7202116684213712
2050030100,0.9024117278873737,0.9506761545103964
2050030260,0.0010677924972899433,0.49364052605977715
2050030480,0.25433252779077564,0.6170396503128842
2050030650,0.739005170524112,0.8805099159060407
2050031060,0.471163351804445,0.7695764431840645
2050031960,-2.2546615644499814,0.3193332385814598
2050032670,0.41301722635281246,0.7250088444187021
2050033320,0.35487715043588364,0.6585051632736414
2050033490,0.849579542003664,0.9262360981911224
2050033670,0.4527334930436351,0.7361336463685133
2050039390,-6.466171135007116,0.2699121982962893
2050358250,0.4168979717680701,0.7929905367923689
2050362600,0.6444607233102495,0.8201574916957423
2050374390,0.36196610037681887,0.6657127828397909
2050379690,0.6495473003874714,0.841480559700146
2050420240,0.9011978776682172,0.950020179245988
2050429670,0.8471628977220597,0.9299609539447826
2050429790,0.5192646321144452,0.7878393736446296
2050441290,0.8054897896526918,0.9039909926061324
2050465610,0.7485212789854281,0.8963443263685006
2050465720,0.8266635190090064,0.9209922346722725
2050476910,0.6425232136460877,0.828422496984597
2050491750,0.8079012735476345,0.9086330194948475
2050502920,0.8383971693428305,0.9167624973240059
2050540100,-0.46373224804639435,0.7474475861695578
2050555780,0.4738704799042994,0.7675609490686071
2050557800,0.6567387265427937,0.8439451790011272
2050816870,-26.19677610131307,0.4052327701200288
2050828790,-5.685448855944844,0.39810783697476226
2060017000,0.5030453807326164,0.7832598281158796
2060017480,-1.9106801458603386,-0.06564302888844709
2060023940,0.8252711915202284,0.9088234154697036
2060029320,0.2593145065165843,0.7202116684213712
2060030260,0.0010677924972899433,0.49364052605977715
2060030480,0.25433252779077564,0.6170396503128842
2060030650,0.739005170524112,0.8805099159060407
2060031960,-2.2546615644499814,0.3193332385814598
2060032670,0.41301722635281246,0.7250088444187021
2060033670,0.4527334930436351,0.7361336463685133
2060036340,0.6861835346318155,0.900082091154382
2060036930,0.7467829581098238,0.8798761499902539
2060039020,0.865992722916662,0.9338200451044184
2060039390,-6.466171135007116,0.2699121982962893
2060049680,0.4323577399419498,0.8695956953111169
2060052380,0.28396630216908636,0.6300567661037788
2060052660,0.1945804679293598,0.8237501251660276
2060052940,0.3869069840421506,0.7815230828042943
2060055600,0.07263905325642483,0.6387080430053653
2060058580,0.3657681159345961,0.6546803429655538
2060072430,-10.13819807792122,0.5655347352662186
2060142450,0.815762689108552,0.9069130929598913
2060144720,0.5615209685143636,0.8749295608300949
2060253060,-0.4871289161428858,0.448090059843651
2060284350,0.6337275762138439,0.8143599628312889
2060313170,0.3731703787863072,0.8373557959464649
2060313590,0.67374605228611,0.8504396525184216
2060358250,0.4168979717680701,0.7929905367923689
2060374390,0.36196610037681887,0.6657127828397909
2060376600,0.5415265630262923,0.7953413669212736
2060379690,0.6495473003874714,0.841480559700146
2060420240,0.9011978776682172,0.950020179245988
2060429670,0.8471628977220597,0.9299609539447826
2060429790,0.5192646321144452,0.7878393736446296
2060441290,0.8054897896526918,0.9039909926061324
2060454600,0.61214910987359,0.8435987459416716
2060460170,0.6769697070422291,0.8534332751537969
2060461650,0.6291429004486757,0.8336693395232871
2060465720,0.8266635190090064,0.9209922346722725
2060476910,0.6425232136460877,0.828422496984597
2060491750,0.8079012735476345,0.9086330194948475
2060502920,0.8383971693428305,0.9167624973240059
2060520280,0.5863262750332685,0.8347444554302552
2060541360,0.6744044453967762,0.8485527453679866
2060551950,0.5486600947144322,0.7809190571845025
2060574340,0.4415929315855822,0.6862081279565464
2060611100,0.6277459759064903,0.8092199419131264
2060611160,0.5480585542536467,0.7774152353602268
2060611700,0.46275883466420165,0.7321534629804094
2060613120,0.6974806622539318,0.8556320879941335
2060643220,-10.526895950830903,0.17200317268145537
2060646750,0.636593230534185,0.7982122160080691
2060686250,-0.24008221516936867,0.3542864892762967
2060692720,0.23267609995265504,0.62381247800882
2060711440,0.6083902967540317,0.879520074332954
2060723750,-0.0361580534743835,0.6893813148002713
2060784930,-84.9091000111754,0.5021901638835123
2070017000,0.5030453807326164,0.7832598281158796
2070017430,-6.6137838480560625,0.13321271404824153
2070024780,0.08771267500368285,0.78759007529124
2070026190,0.5506734759946642,0.788592431129896
2070027660,0.4576788777483346,0.7126198599004885
2070028050,0.6754190010489245,0.8714154104159524
2070028660,-5.921796606432639,0.4272536058567348
2070029400,0.46496614860991814,0.705482154519493
2070029420,0.43372951881898614,0.7055563873945654
2070029890,0.514748522344338,0.7948839402361488
2070029980,0.8409225044480864,0.9198851429720335
2070030710,-0.43667767461783824,0.5734535455759332
2070030820,0.6741704664460049,0.8220042363874412
2070032280,-0.37493494873690536,0.27978353002509837
2070032670,0.41301722635281246,0.7250088444187021
2070033190,0.3833168203368912,0.7873680306180858
2070036340,0.6861835346318155,0.900082091154382
2070036930,0.7467829581098238,0.8798761499902539
2070049680,0.4323577399419498,0.8695956953111169
2070049950,0.49663563742667904,0.8759176806855866
2070050830,0.2521643588855019,0.7436388119074497
2070052380,0.28396630216908636,0.6300567661037788
2070052660,0.1945804679293598,0.8237501251660276
2070052940,0.3869069840421506,0.7815230828042943
2070055600,0.07263905325642483,0.6387080430053653
2070055840,0.40256812252658436,0.8416238162810501
2070058580,0.3657681159345961,0.6546803429655538
2070116140,0.532513534088033,0.8687589445439922
2070119460,0.7619748496050185,0.8733561565927377
2070123680,0.7900802161935718,0.8923252115690137
2070143290,0.31799755763538284,0.7085168235394566
2070144720,0.5615209685143636,0.8749295608300949
2070186050,0.2507024004705132,0.5630454286567641
2070191490,-2.9262804431944693,0.43628049090752663
2070207420,0.736437023206949,0.8909958438273932
2070212100,-0.11584024047809849,0.6312175426437037
2070240060,0.0011859385689821922,0.5065138976455166
2070241350,0.1811599857951074,0.6342500190405055
2070241450,-2.17666287983451,0.3425360697963581
2070253060,-0.4871289161428858,0.448090059843651
2070256660,0.22994466833022964,0.7459336799879073
2070257350,0.3728127729631461,0.7028656036793463
2070313170,0.3731703787863072,0.8373557959464649
2070326350,0.6031973054781852,0.8213238473942085
2070327500,0.28074552072020387,0.7871418450181704
2070327510,0.3345332480841935,0.8233011453468002
2070339190,-0.03212310603078872,0.7840580932656268
2070339960,0.41192118573176295,0.8570102658789275
2070345900,-4.178088351934315,0.46713100630486193
2070350370,0.1695202319483462,0.7636013113533864
2070352840,0.7780903381319237,0.8825889461825098
2070358880,0.08007101191089894,0.46125537205039113
2070374390,0.36196610037681887,0.6657127828397909
2070376600,0.5415265630262923,0.7953413669212736
2070381550,0.7002081494475011,0.8462535147140114
2070387720,0.7239465208435306,0.8591036973187357
2070393590,0.7852713158205135,0.8867800178124547
2070393600,0.8252822349154119,0.9101057404218216
2070395260,-4.023604104925268,0.615553426028614
2070396530,0.2007794935709193,0.7618926780524742
2070399650,0.5985089478583584,0.8474359034847345
2070400180,0.619719819794299,0.8576578651345733
2070402080,0.5257635907381824,0.7800254423181272
2070411180,-0.5017655121497038,0.5800769268822173
2070429790,0.5192646321144452,0.7878393736446296
2070431670,0.7447367825570406,0.8983302003083954
2070431760,0.5948409524220505,0.8512297841232208
2070435680,0.0857533092516326,0.8300235668170022
2070437230,0.810600211916114,0.9289188381297531
2070443300,0.8599071368554196,0.928369405154118
2070448360,0.5933287498279739,0.7893311045980674
2070454600,0.61214910987359,0.8435987459416716
2070461650,0.6291429004486757,0.8336693395232871
2070464410,0.7114963877544953,0.8466791564463053
2070468060,-30.047443150079342,0.7054676785798364
2070470920,0.7164360097488891,0.8752679762832226
2070470960,-1.3197895795650822,0.5707065506938904
2070475160,0.6317614584763322,0.8356463750969839
2070483980,0.5326919946055598,0.8258402700444089
2070491910,0.6408841833119483,0.8177341030148573
2070497830,0.7148539899935593,0.8831179785084416
2070509130,0.16408888743157513,0.6082665014684664
2070515100,0.24879986706965118,0.6162718304758191
2070525920,-3.685009911639902,0.299458729806508
2070526050,-2.4571379620983427,0.5284257059588263
2070531390,-0.43263178681661163,0.6774859224222233
2070531570,0.6457060228971478,0.8147045266655033
2070539740,0.3343584090616929,0.737327235171346
2070547340,-0.9070474014798837,0.7422667517276959
2070551950,0.5486600947144322,0.7809190571845025
2070562000,-0.028146222883706384,0.8328573526670991
2070562060,0.3061571717305609,0.7614601238268367
2070577490,0.6736754602836703,0.8551501721305433
2070591300,0.37764719702388305,0.6542271329281235
2070611700,0.46275883466420165,0.7321534629804094
2070612000,-0.14885719070769454,0.6626919615065138
2070614290,0.3386685902496537,0.7387308669183168
2070624000,-36.93840630186032,0.1696378565510075
2070646750,0.636593230534185,0.7982122160080691
2070686250,-0.24008221516936867,0.3542864892762967
2070692720,0.23267609995265504,0.62381247800882
2070711440,0.6083902967540317,0.879520074332954
2070723750,-0.0361580534743835,0.6893813148002713
2070784930,-84.9091000111754,0.5021901638835123
3050008310,0.6855016793473149,0.8305697370732825
3060137430,0.7089134570048272,0.8478555871110409
4051019890,0.7593908589515357,0.9022557306293798
4060019710,0.2039576242347011,0.5572571230401827
4060021260,-1.1153883030984164,0.47719489303808216
4060039500,0.614029399094915,0.819850351883708
4060039730,0.5289025517885556,0.7945712960087868
4060043170,-0.020512234983665056,0.6698865469474997
4070021260,-1.1153883030984164,0.47719489303808216
4070037340,0.4793093948476541,0.7713037072693172
4070037560,0.4862496307085272,0.8790942172711097
4070038460,0.5291144851684475,0.7705493249671335
4070039500,0.614029399094915,0.819850351883708
4070039730,0.5289025517885556,0.7945712960087868
4070040780,0.4438733013928138,0.7668714456852688
4070041030,0.2903327612978762,0.5891033879133949
4070041220,0.3649694926975743,0.7270546761453993
4070041260,0.32797439834909325,0.7841692834617565
4070041500,0.25511385058349656,0.6357257739266815
4070043230,0.04524974113268154,0.7068903177482679
4070043390,-0.21773412660591052,0.6958293070012133
4070043490,0.13845834734620766,0.658989946118068
4070043550,0.1724707495543376,0.6605191751646959
4070045250,0.38363192988729733,0.7213928379513036
4070540870,-0.4876753493065571,0.6058736430284773
5050057320,0.3582461645414986,0.641159563340031
5050057710,0.2880754212345388,0.5499071784902538
5050058580,-0.003914690649228447,0.48966331199526536
5050059440,0.7943660650257507,0.8966248682888606
5050062110,0.7720185838810822,0.9047118243740901
5050064530,0.35463329697473456,0.6177408216980235
5050071980,0.4480723256637885,0.6815059505963699
5050073130,0.4810491054601953,0.6982050886577426
5050084900,0.6268419684670552,0.8066870340579746
5050085290,0.349710843151513,0.7847449407520658
5050511570,0.30569470866513115,0.5855289496976595
5050593410,0.22761984907821942,0.5838640052286392
5050595640,0.4959263858077406,0.7621465970889112
5060056580,0.2736859444360421,0.528137846649251
5060056610,0.016225695980212174,0.3545795875453851
5060064530,0.35463329697473456,0.6177408216980235
5060070980,0.3496514050269993,0.6189218520113933
5060071980,0.4480723256637885,0.6815059505963699
5060072960,0.000762674409232611,0.6330076053163146
5060073130,0.4810491054601953,0.6982050886577426
5060084900,0.6268419684670552,0.8066870340579746
5060085290,0.349710843151513,0.7847449407520658
5060234860,0.6803933780939502,0.8486612290893519
5060258670,0.0232406927117752,0.26982763449459746
5060309740,0.3443825436883934,0.6848886777948026
5060437200,0.1750846895767365,0.6278754483532761
5060579920,-0.5767767385331573,0.130572379235545
5060593410,0.22761984907821942,0.5838640052286392
5070056190,-0.34063758860728877,0.8285994158083476
5070056580,0.2736859444360421,0.528137846649251
5070070980,0.3496514050269993,0.6189218520113933
5070071600,0.3170957550952319,0.7976749087646691
5070072090,0.2507759268595757,0.5072690844930148
5070072140,0.46331555426311744,0.6922134790877639
5070072960,0.000762674409232611,0.6330076053163146
5070073220,0.18057616749853966,0.5853262496642959
5070083420,0.22601162141830777,0.7841502915049677
5070083580,-0.027468242775845475,0.6867751092242109
5070083730,0.36891125045699646,0.7883182719627557
5070085290,0.349710843151513,0.7847449407520658
5070086770,0.10800652614700146,0.7686035644763287
5070086860,-0.19826949385761816,0.6675048256240751
5070211570,-1.5608464267825957,0.6353348562056419
5070258670,0.0232406927117752,0.26982763449459746
5070275150,0.4662159678868607,0.7153589462087464
5070309740,0.3443825436883934,0.6848886777948026
5070457770,0.3265833873816745,0.5836044939022688
5070517640,0.5387854962356788,0.7946287973748413
5070535770,0.31944917050243893,0.5770340051933466
5070571260,-2.2122490360259093,0.4738669266623742
5070578390,0.4628641731609009,0.8027969922428901
5070589300,0.17619481637693757,0.4342548444694616
5070599180,0.31946858649353416,0.6024676867485126
5070603610,0.3593302574668217,0.616029463635535
5070612510,0.39826400991795996,0.6841855428807125
6050008620,0.5427369139904893,0.8855937937530858
6050009220,-0.650351803666114,0.8969668698052786
6050009430,-0.9532609476488911,0.8787872629615753
6050012020,0.2833173108800007,0.9011016981434763
6050012790,0.2746529820444076,0.916561176300606
6050013750,-2.2073973706320142,0.8529315208328025
6050026750,0.8349698642351622,0.9311081492767487
6050026990,0.4917994196234663,0.7253864980874362
6050027770,-0.13065318835801487,0.2082167849301626
6050033220,-0.2531703189173591,0.69317919092502
6050238630,0.6378230611037703,0.8490237178681759
6050266880,-2.3711468428857194,0.8762479018387997
6050287830,-7.3828143991654915,0.6382019358044317
6050298170,0.8250354690838313,0.9417187997773657
6050334800,-0.10546856550835448,0.7893493377053871
6050337320,0.86777035768097,0.9523037233604178
6050344660,0.5628228779030608,0.8684507728053925
6050384210,0.831244807868076,0.9385338395788749
6050425550,0.8864126670198735,0.9596585476365566
6050451390,0.5955862889311286,0.8258463900832692
6050483010,0.7714044722079964,0.9395205410116321
6050527670,-2.115688314806496,0.8256536092557805
6050532210,-0.0716342634557181,0.7175051964700504
6050565970,0.4372789382149491,0.8256796441816755
6050565980,-1.2307934452189282,0.8154565976380544
6050624870,0.3951160730503154,0.7679872698217756
6050639910,0.5245111084016643,0.8814405355212722
6050652910,0.7079514029969811,0.9081314142666693
6050667100,-33.8191106674537,0.8185761128272468
6050762870,0.37527109074246745,0.774283074578261
6050774200,0.45505894506732736,0.7536316976134527
6050790150,-4.024876793914403,0.6501434168120284
6050793620,0.667863690130085,0.8177523605873535
6050842130,0.433869232794989,0.7242768015679463
6050852180,0.4812513636332463,0.6954905406403351
6060011630,-0.4219252617758851,0.38250533246556584
6060012760,-0.7711095224999254,0.7090003000946931
6060026750,0.8349698642351622,0.9311081492767487
6060026990,0.4917994196234663,0.7253864980874362
6060027770,-0.13065318835801487,0.2082167849301626
6060033220,-0.2531703189173591,0.69317919092502
6060152600,0.8342110095165503,0.9139592257763591
6060228900,0.7802415075730093,0.8852265270801759
6060250440,0.48027245384684547,0.7461746348394338
6060280770,-0.004643903287445239,0.8653154155060488
6060337870,-11.923618317010456,0.20818792178009626
6060345150,0.8018570535865531,0.9316991432238808
6060365750,-24.900684639537424,0.642872762421321
6060373400,0.030917703804581698,0.6161998883035786
6060382740,0.6680270771698309,0.8460124842058567
6060397730,0.34258094567775954,0.5887248968155389
6060411830,0.3793572159342963,0.9535642422165346
6060445040,0.6260271132003825,0.8153626539232336
6060453450,0.653781440693765,0.823739954275071
6060453500,0.7564807787321983,0.9281968568093976
6060462200,0.37565268728451184,0.635613783687265
6060470810,0.36454340812403163,0.8028163808277374
6060471640,0.7981914795048086,0.8981366442276606
6060501000,0.15264998867150192,0.8635799974239283
6060516540,0.44891854091890915,0.7873790438587721
6060517380,-18.096571650130855,0.6780540866962333
6060528770,0.6896811312003963,0.8305473994444962
6060537520,-3.783672392547868,0.6620280948383733
6060540290,0.6481906744809801,0.8346978244926538
6060543710,0.362225862944731,0.7971790793187437
6060546270,-0.9046472775643939,0.5665031059866508
6060565980,-1.2307934452189282,0.8154565976380544
6060589150,-3.1654099999444805,0.7836629596490642
6060599670,0.6216805018342617,0.8163387425486428
6060615450,0.2917906438277307,0.684584512313846
6060624870,0.3951160730503154,0.7679872698217756
6060644080,-0.3377096614881716,0.7739901647104458
6060644890,-0.046864652712175214,0.7490828727838736
6060652910,0.7079514029969811,0.9081314142666693
6060736420,-3.1405306379744795,0.5538846806365958
6060736450,0.1412257734212572,0.673880482277634
6060772020,0.3602598968317121,0.639417013937291
6060774200,0.45505894506732736,0.7536316976134527
6060793080,0.13441021187300417,0.7094782861556572
6060801970,0.4308812354439202,0.783886780313154
6060823060,0.07784177561527961,0.6588077835417531
6060852180,0.4812513636332463,0.6954905406403351
6060872440,-0.8446260128213534,0.21774430064783412
6060874710,0.19416456437167073,0.7680195991623048
6060918580,0.4317507123102168,0.7799897959065472
6060955480,0.6826387556217364,0.8418714159963286
6070011630,-0.4219252617758851,0.38250533246556584
6070026840,0.7624747616606611,0.8998124040598312
6070146870,0.5897060369875278,0.7830568953976672
6070183080,-0.636331426178943,0.7301789775153513
6070259940,0.5913407388211952,0.7782369994658327
6070290970,-1.0781998257866099,0.7942415755041216
6070301080,-0.4046869861073874,0.7918072621603818
6070316690,0.8748771605781221,0.9569293707531035
6070330230,-0.20215878984903224,0.7869968559159961
6070365750,-24.900684639537424,0.642872762421321
6070382740,0.6680270771698309,0.8460124842058567
6070395740,-20.10562378523785,0.7600631587710986
6070397730,0.34258094567775954,0.5887248968155389
6070413620,0.5369680758854415,0.77164068128071
6070416580,-1.36455122358336,0.6466658720770161
6070416720,0.2936776179375459,0.6884980087385597
6070418190,0.8064947260219688,0.8987129202361802
6070428760,-0.7457348642032717,0.13236289977516857
6070441970,0.8664764994211827,0.9312916033348009
6070452180,0.11955299745291292,0.5898478279481113
6070453500,0.7564807787321983,0.9281968568093976
6070479040,0.8388318027736059,0.9394563002545505
6070498120,0.42225837103370245,0.6642043520636272
6070506160,-1.2071681889831383,0.8396449850699931
6070508560,0.736396477950829,0.8873126752059252
6070537520,-3.783672392547868,0.6620280948383733
6070543710,0.362225862944731,0.7971790793187437
6070553940,0.22796401146052048,0.4885982148337019
6070570680,-0.38330707454702106,0.8820459737230466
6070583300,-1.961539413540804,0.716586967869405
6070612660,-1.4835840295783607,0.5914465364245212
6070613630,0.4566405106442408,0.7831885254773435
6070644890,-0.046864652712175214,0.7490828727838736
6070658830,0.5853850297064261,0.8726895720487413
6070678590,-29.35906605946853,0.5382496403295373
6070736450,0.1412257734212572,0.673880482277634
6070772020,0.3602598968317121,0.639417013937291
6070782190,-4.864381807964084,0.5806766838103968
6070783690,0.4676790027218449,0.6850621462786431
6070793080,0.13441021187300417,0.7094782861556572
6070801970,0.4308812354439202,0.783886780313154
6070891940,-0.019841501257208405,0.7537710112162059
6070918580,0.4317507123102168,0.7799897959065472
6070924460,-0.9415478823130483,0.82154476772786
6070933500,0.7676444846638075,0.8856858690524981
6070946560,-1.1598536217766053,0.8288037713632488
7050006910,-3.94778752119777,-0.08100268818436351
7050013170,0.7301500153406297,0.8564191972206107
7050014040,0.6962607493037825,0.9022427002443871
7050016850,0.013235537459260538,0.705404835154536
7050019010,0.8071115400186143,0.9038674471793076
7050019190,0.6899334123960565,0.8512284124031727
7050020090,0.7352091357327517,0.8727312269704889
7050021620,0.7738446927492572,0.8919004150242732
7050024890,0.5994984453378398,0.8695652361024068
7050031710,-1.0900016879375825,0.7870391835169394
7050033110,0.8690883591129888,0.9345472855428364
7050039160,0.6880139344274326,0.8343513817486328
7050039620,0.705764387608372,0.8482226324683182
7050041050,0.781634221200801,0.8957591950695969
7050042310,0.4352554508170262,0.7807329086242267
7050042740,0.7018083555727868,0.842035627206261
7050043500,0.6146147384870791,0.80000215002641
7050043640,0.6408647052049252,0.8049681504033
7050045890,0.4410604862362161,0.818220641483258
7050046600,0.47655442283259497,0.7144470922514212
7050047970,-0.6427865275558986,0.514971119788054
7050048860,-3.3699574375653247,0.4195953793303209
7050061620,0.4038164560002322,0.7739037528703869
7050112130,0.6017543190082053,0.7806654425939431
7050134090,0.5005134551799678,0.7655414152027332
7050142610,0.14995072326428027,0.5221648108217741
7050177760,0.6443555094727278,0.8228987674944659
7050177910,0.8367055093213733,0.9190874516831312
7050184430,0.28306357583128905,0.8203599071132063
7050184580,-5.111001309144456,0.5906856292042426
7050191700,0.7036716690667708,0.8538578970039684
7050202930,-0.23821361071571556,0.6231675746022999
7050203140,0.1496045886151416,0.7551230238492712
7050206680,0.36990445086085355,0.648692440247948
7050234040,0.8001152344115248,0.9077269571382666
7050250990,0.21091786251450984,0.6049907220934709
7050252700,0.6641917482878394,0.8425300549475102
7050256540,-0.7251332193003257,0.0888258184757339
7050274860,0.8672763073902021,0.9387662927451726
7050282770,0.6832874541068051,0.8286280439461232
7050284240,0.630900782410877,0.7958327140819541
7050287970,0.6224275800554463,0.8795497367579106
7050289200,0.20735888045191142,0.6858639537476192
7050305410,0.7476770624941091,0.8953684822821657
7050329370,0.6744903100330717,0.8747876404280234
7050332670,-1.768790699304184,0.1938053896045454
7050332680,0.7712634279367745,0.9110585973370521
7050334790,0.8486151999892072,0.9237423566593878
7050388580,0.8416561819745795,0.9387374510634532
7050394680,0.8633586949192031,0.9398160482255107
7050415980,-0.7816367384947744,0.773553732763105
7050419360,0.680650882689237,0.9255123607273069
7050439780,0.7121713035564612,0.8714474058045346
7050445150,-2.70651377820905,0.5487737166190315
7050466540,-4.410692723913367,0.4325494519878216
7050508340,-2.128500567755221,0.6109420648205889
7050512060,0.6656822501821433,0.8211270094010816
7050514640,-0.2825394917552171,0.6286419128307286
7050527230,0.6801979724831451,0.873137001042373
7050531210,0.6477998803970153,0.8250659421239365
7050538950,0.1819098012844197,0.7098666941697975
7050539540,0.24215847976353366,0.8195533438276111
7050562140,0.6594664292582841,0.8803316148958096
7050566040,0.6385895640413961,0.8499732381978675
7050574760,0.6173126275406149,0.8111308568305735
7050585120,0.6828295989659472,0.890289198150325
7050594240,-1.007095102483623,0.616450279434341
7050608130,-0.08215174482082754,0.745100322196866
7050610850,0.6657762030853474,0.8234155954833228
7050632220,0.32333837076574423,0.6996705278345968
7050642090,0.4399780786803371,0.7444073243496407
7050649900,0.2873233915735328,0.6307397514229715
7050674630,0.3669048384420319,0.6381530099889058
7050675410,0.30438777569658104,0.6800599168201029
7050682360,0.38635563757555436,0.711784172661318
7050730500,-5.05127094991801,0.37391447154923996
7050737080,-17.76411495380693,0.7441079612181783
7050739170,0.6148828610714551,0.8012417448169948
7050747570,-1.2088842826467596,0.6269276972200934
7060005730,-3.7230114874697042,0.6185932460605842
7060006580,0.011846073258838019,0.1701091133020881
7060006910,-3.94778752119777,-0.08100268818436351
7060013170,0.7301500153406297,0.8564191972206107
7060014040,0.6962607493037825,0.9022427002443871
7060016000,0.6326214241670696,0.8805686822213302
7060016850,0.013235537459260538,0.705404835154536
7060019190,0.6899334123960565,0.8512284124031727
7060020500,0.6686254763032486,0.8514021161229254
7060028790,0.8238652929135445,0.9094084730682713
7060033110,0.8690883591129888,0.9345472855428364
7060039160,0.6880139344274326,0.8343513817486328
7060039620,0.705764387608372,0.8482226324683182
7060041650,0.4760396611204687,0.7065254956365747
7060041920,0.46317308825767656,0.7785495955239569
7060042310,0.4352554508170262,0.7807329086242267
7060042740,0.7018083555727868,0.842035627206261
7060043500,0.6146147384870791,0.80000215002641
7060045410,-0.14996863712986896,0.6122629195445715
7060046130,0.3884536459833827,0.6540695090372215
7060046390,0.5450550517437225,0.7613749041460662
7060046600,0.47655442283259497,0.7144470922514212
7060046870,0.590098830108303,0.7944892827694394
7060061620,0.4038164560002322,0.7739037528703869
7060114740,-9.468652399798907,0.2916678470534291
7060134090,0.5005134551799678,0.7655414152027332
7060166730,0.5798206520978583,0.8256400528095666
7060174110,0.5377859151087367,0.8451248114531267
7060176340,0.8352236818819931,0.9151789691615739
7060179920,0.7114911399342951,0.8707336597186953
7060184430,0.28306357583128905,0.8203599071132063
7060184580,-5.111001309144456,0.5906856292042426
7060191700,0.7036716690667708,0.8538578970039684
7060199390,-2.845150412504453,0.21447542455799862
7060202930,-0.23821361071571556,0.6231675746022999
7060203140,0.1496045886151416,0.7551230238492712
7060230950,0.24388020786012354,0.6301955870670306
7060234040,0.8001152344115248,0.9077269571382666
7060235660,-0.2022123454114635,0.32906836691175756
7060242640,0.6049592417525078,0.8522175326476835
7060242880,-0.5307939318937427,0.194131965435979
7060252700,0.6641917482878394,0.8425300549475102
7060257320,0.8084308990109155,0.958571850685591
7060259200,-0.4541381964901823,0.15036178783996812
7060263190,0.8055763549210837,0.90587586649133
7060263970,0.021385150203232395,0.15734157669261117
7060269280,-0.2180085599573407,0.5075803640742513
7060269970,0.08211065087064406,0.7661504156383642
7060282770,0.6832874541068051,0.8286280439461232
7060284350,-2.8716399373350567,0.8624390084232039
7060287970,0.6224275800554463,0.8795497367579106
7060295790,0.41200231934897014,0.8542995711715994
7060302030,0.42267278614831916,0.7217704184339074
7060306430,0.41583557648349734,0.6837817086459529
7060317870,0.5511738247541561,0.7653534847655873
7060329370,0.6744903100330717,0.8747876404280234
7060330450,0.07518263862749663,0.3259543302012611
7060330710,0.12789236214745459,0.8194436153391622
7060334790,0.8486151999892072,0.9237423566593878
7060342130,0.20291897844487727,0.509908069419026
7060345990,0.7200303657902024,0.8486177739858607
7060346150,0.44747758897011747,0.7094386567127533
7060348000,0.48946401464985445,0.7888030403864751
7060355150,0.7991535026933912,0.8944008495038076
7060356500,0.1176519818473345,0.66058714738269
7060356710,0.41708480507439083,0.7250625374952928
7060361120,0.7190301618449078,0.887407418614788
7060363050,0.8356885872333756,0.9201800498389016
7060372710,0.661817646478881,0.8330254472434467
7060372880,-0.08203279867866331,0.32399181964476464
7060377730,0.543361925479587,0.765301334325343
7060380010,0.8464031669672119,0.921081981598778
7060382460,-1.0764050212670346,0.8135235926904352
7060382860,-2.9102489681231916,0.4433773785986148
7060392390,0.8164993096443425,0.9126847036551201
7060394680,0.8633586949192031,0.9398160482255107
7060397370,0.2368657472216661,0.5900337973881704
7060404520,0.4573178884540562,0.6958480004489439
7060406640,0.5560241758939757,0.7561076042702152
7060411100,0.5819075385394185,0.8167879536272659
7060416830,0.4515546794168922,0.8629533423076722
7060420200,0.5257541438395075,0.7755547434326059
7060429220,0.5524251372555751,0.7554352354356015
7060429360,-0.1297713211488536,0.32765852759921277
7060429560,0.4863586382429048,0.8211851899513333
7060438060,-2.7343697490514445,0.4721689643923177
7060439780,0.7121713035564612,0.8714474058045346
7060445150,-2.70651377820905,0.5487737166190315
7060446380,0.4836075014030248,0.7752289002045618
7060450950,-0.14305972912716514,0.5608963452895948
7060465790,-2.6848376317622735,0.4731170419386277
7060468870,0.6793468815138075,0.8324834790249255
7060470900,0.052795604549487285,0.5815521901658781
7060473380,0.7322472411128433,0.8604957605781631
7060476020,-14.740791591226024,0.44542174707232207
7060478320,0.6761767671682646,0.8488292035284883
7060483120,0.5157145087930587,0.737599466615802
7060485210,-1.6810225096553428,0.2379476336790195
7060488160,0.6586846800458916,0.8572904455547364
7060488320,-0.5858555060913471,0.7455581453306962
7060492010,0.6443149651493506,0.8370291831074315
7060503090,0.5694788056503661,0.8091690001918712
7060505540,-2.1979276638307836,0.2996210002319113
7060508340,-2.128500567755221,0.6109420648205889
7060511360,0.6368816963568692,0.8933543520247743
7060513230,-0.5999240361065517,0.4940924883827711
7060514260,0.46887591854629873,0.7004693359473696
7060514270,-0.5477411925696114,0.6124948522433891
7060519270,0.7607494617737665,0.8751784177404702
7060527230,0.6801979724831451,0.873137001042373
7060527760,0.43522255373102015,0.6712704240134034
7060529340,0.7492146456589048,0.8769407542261897
7060533210,0.3594268107988079,0.6082729115489546
7060535230,-10.169934529979791,0.3150926252299633
7060537830,-54.59531652936309,0.16882563169917109
7060538950,0.1819098012844197,0.7098666941697975
7060539540,0.24215847976353366,0.8195533438276111
7060540990,0.4715946577366844,0.7454262331450355
7060555510,0.6854300073453148,0.8719972378074086
7060556150,0.5772877047226928,0.7773292506032602
7060559710,0.6277432225703975,0.7948471160934452
7060563480,0.4310382114922401,0.7784997486635264
7060569390,0.7659237025962882,0.8756515150636222
7060573090,0.3039029320320018,0.6600442547965054
7060573680,0.3216997872137042,0.7508411370388666
7060574760,0.6173126275406149,0.8111308568305735
7060575000,0.10419501281239107,0.5921097871856791
7060579270,0.642869417946871,0.8290828684152566
7060579820,0.2856552057083839,0.6059905059002645
7060585430,0.0004258315503825605,0.23786996545058903
7060591780,-0.1697659630745061,0.5515852662556177
7060597680,0.47420893206120496,0.7452089068905282
7060617540,0.20421637040509089,0.6666817188250509
7060626100,0.04428761266626102,0.664044905748546
7060636470,-1.347943100196932,0.6671906041438385
7060650970,0.30414983030385,0.6274149909811224
7060674060,-3.125831034879357,0.335613533581565
7060674630,0.3669048384420319,0.6381530099889058
7060675410,0.30438777569658104,0.6800599168201029
7060677450,-0.6021914246469313,0.17399633371827072
7060686940,0.148640046084608,0.7473166845669721
7060687690,-0.744177823179246,0.5778031447661153
7060706180,-0.0985996211610023,0.5661465071171946
7060721150,0.42402533611043103,0.6669546744429039
7060730500,-5.05127094991801,0.37391447154923996
7060733840,-7.716032762031595,0.42670521455608346
7060737080,-17.76411495380693,0.7441079612181783
7060747570,-1.2088842826467596,0.6269276972200934
7060755960,0.3946002355421837,0.6981616563609307
7070005730,-3.7230114874697042,0.6185932460605842
7070006580,0.011846073258838019,0.1701091133020881
7070013800,0.7622644179790329,0.8897689195098487
7070016000,0.6326214241670696,0.8805686822213302
7070016850,0.013235537459260538,0.705404835154536
7070037260,0.5894116206102344,0.7815557993997628
7070039570,0.23222341582841421,0.7049088054307246
7070041650,0.4760396611204687,0.7065254956365747
7070041920,0.46317308825767656,0.7785495955239569
7070043740,0.431963774410421,0.713418879226082
7070045410,-0.14996863712986896,0.6122629195445715
7070045780,0.02028848350992485,0.5967003675553334
7070046720,0.47655442283259497,0.7144470922514212
7070048050,-8.606635667145364e6,0.4768721340660642
7070061620,0.4038164560002322,0.7739037528703869
7070062610,-0.08488045651725673,0.4878664802050572
7070111080,-0.2287411423115302,0.7451167414792441
7070123520,0.48317131514400613,0.7443239132098594
7070127110,0.463929320236511,0.714546261771619
7070166730,0.5798206520978583,0.8256400528095666
7070174110,0.5377859151087367,0.8451248114531267
7070175650,0.6135904022899596,0.8038332906768834
7070184580,-5.111001309144456,0.5906856292042426
7070199390,-2.845150412504453,0.21447542455799862
7070201510,0.8470171153503918,0.92577416640929
7070202930,-0.23821361071571556,0.6231675746022999
7070204990,-0.6249738360883514,0.0718857489078798
7070209380,-0.641740369487914,0.5619541052057179
7070222190,0.8358851999389286,0.9214955990828839
7070242880,-0.5307939318937427,0.194131965435979
7070250410,0.5955738028315468,0.8057294849638077
7070257320,0.8084308990109155,0.958571850685591
7070259200,-0.4541381964901823,0.15036178783996812
7070259730,0.7294965391157571,0.8687038940612158
7070263970,0.021385150203232395,0.15734157669261117
7070269970,0.08211065087064406,0.7661504156383642
7070278150,-0.3576659240873816,0.7350744230276538
7070295790,0.41200231934897014,0.8542995711715994
7070302030,0.42267278614831916,0.7217704184339074
7070302720,0.188604331071746,0.44011534195436774
7070307750,0.6921885455971455,0.8590449312547161
7070312430,0.7881589088563399,0.8979385647717759
7070313960,-1.4291503390586189,0.5361380734999354
7070317870,0.5511738247541561,0.7653534847655873
7070323010,0.0962246524979189,0.44991784281471814
7070329740,-0.048552773506566727,0.001358169625052752
7070330710,0.12789236214745459,0.8194436153391622
7070334870,0.7216380528451649,0.8756881997042312
7070345810,0.29402526670930385,0.5561346086201409
7070345990,0.7200303657902024,0.8486177739858607
7070346010,0.6322098934281009,0.8231440419348951
7070348860,0.7349014364077315,0.8823233690478453
7070349370,-0.011254024677908259,0.14339576057230297
7070355150,0.7991535026933912,0.8944008495038076
7070361120,0.7190301618449078,0.887407418614788
7070363760,-0.044200503671245395,0.36106716378113224
7070374510,-0.9136236775284492,0.3713568977582048
7070376890,0.14024739341194126,0.5970295045418904
7070380440,0.7548551152999687,0.8863588992045113
7070380570,0.7645796459523075,0.8847935378364312
7070380850,-0.08455302768295248,0.3030255895069036
7070381490,0.5108684207766148,0.8178819302539544
7070382460,-1.0764050212670346,0.8135235926904352
7070385090,0.2844926246637406,0.58926953060475
7070385510,0.7706964626850213,0.8782134692420156
7070393600,0.6855930595134858,0.857890361055548
7070395320,0.6717718434638438,0.8308814079098502
7070405130,0.14160280248329216,0.6601344657076198
7070406640,0.5560241758939757,0.7561076042702152
7070421260,-0.04738960345536758,0.7405663858297142
7070424230,0.32718506482435317,0.5792633232653336
7070428660,-0.006706160763053637,0.5039215250948607
7070436110,0.11482861249861231,0.46341606777770394
7070436990,0.7071627219785107,0.8412003615759213
7070438060,-2.7343697490514445,0.4721689643923177
7070440760,0.6944782338636888,0.8533873033927187
7070441730,0.38258157913759505,0.703223882000189
7070446110,0.4601716851603661,0.7981825364346268
7070450700,0.2966542846669925,0.8812829437249053
7070450950,-0.14305972912716514,0.5608963452895948
7070452240,0.27211114746289844,0.6302431025359989
7070460640,-0.6315433240251538,0.5076557800235755
7070465480,0.7187431435634595,0.8724625773901084
7070471640,-0.5720376838389065,0.7773954182778318
7070472280,0.2980824159058202,0.6075782201124075
7070473380,0.7322472411128433,0.8604957605781631
7070476020,-14.740791591226024,0.44542174707232207
7070479620,0.11744222499262214,0.5868955584958856
7070483120,0.5157145087930587,0.737599466615802
7070485900,0.1012503587939051,0.6187420950699427
7070485910,0.09261977390375187,0.6200613650505281
7070486850,0.5755643469729786,0.7974844124675334
7070487990,0.2315213165933745,0.5200655909391474
7070488160,0.6586846800458916,0.8572904455547364
7070488320,-0.5858555060913471,0.7455581453306962
7070489490,0.5599953431271798,0.9088094568795191
7070489500,-0.14896253405944426,0.7318649532054602
7070492010,0.6443149651493506,0.8370291831074315
7070492020,0.35043949536942964,0.7795317992273448
7070492310,0.01557860278839951,0.6716858991273854
7070495520,0.5992265555901981,0.7810146384533597
7070497310,0.31503277370092286,0.6680845971630586
7070498340,-13.859065455761247,0.33724837923131545
7070499990,-0.9833682076841004,0.43167392453690057
7070503510,-0.22025328023269664,0.6021494858075643
7070508860,-0.212899939300647,0.5103848532470712
7070511360,0.6368816963568692,0.8933543520247743
7070514260,0.46887591854629873,0.7004693359473696
7070514270,-0.5477411925696114,0.6124948522433891
7070522910,0.6054085954075101,0.8186568576280709
7070527760,0.43522255373102015,0.6712704240134034
7070528820,0.3601048021007742,0.8551362116404604
7070533210,0.3594268107988079,0.6082729115489546
7070537660,0.35886461975242556,0.6784473169929279
7070542050,0.2886302412127021,0.5493324156309022
7070546760,0.49425580970219185,0.7123896361677767
7070554030,-0.08100129035478632,0.3506049158624538
7070555670,0.42677379087897005,0.6751716601599838
7070559710,0.6277432225703975,0.7948471160934452
7070562640,0.47153673154595477,0.7308857660712054
7070567480,0.23375854225216441,0.721068183957937
7070568320,0.17854171681402986,0.6524606698230156
7070570810,-0.22187360922692445,0.18259071426104168
7070573130,0.36957143529780956,0.6119108036179908
7070574760,0.6173126275406149,0.8111308568305735
7070576100,0.6857902215299438,0.8454481880580659
7070577030,0.42614286519570344,0.6799488198759766
7070583100,0.3248609318372375,0.7567938966077974
7070585430,0.0004258315503825605,0.23786996545058903
7070588700,0.45066433773877623,0.7536644829174838
7070591780,-0.1697659630745061,0.5515852662556177
7070597680,0.47420893206120496,0.7452089068905282
7070598400,0.3052016305030574,0.7082139692330163
7070607360,0.33820481675817116,0.7192251015327111
7070611270,0.33214059865738454,0.589481266526172
7070617540,0.20421637040509089,0.6666817188250509
7070621180,-9521.876497815045,0.2383367597103031
7070622000,0.12208541978166731,0.3549402597239735
7070622870,0.33796082264152294,0.5976096775737532
7070631090,0.16719743910910168,0.6600982082903164
7070632770,0.22304486130198542,0.5476433140682194
7070636470,-1.347943100196932,0.6671906041438385
7070639830,0.33733614469163253,0.6477604827313111
7070650970,0.30414983030385,0.6274149909811224
7070682140,0.3297515819333596,0.5772422702518123
7070682810,0.2950814957676434,0.6078463377156511
7070687690,-0.744177823179246,0.5778031447661153
7070706180,-0.0985996211610023,0.5661465071171946
7070707070,-1.227571492438694,0.5580584966399829
7070717380,0.192700523212752,0.4656315556453714
7070721150,0.42402533611043103,0.6669546744429039
7070728080,-0.028526543896316037,0.10739141177610079
7070737080,-17.76411495380693,0.7441079612181783
7070755960,0.3946002355421837,0.6981616563609307
7070764470,-2.908379422899099,0.5255493146940217
8050007020,0.8028685317328769,0.8997210952037817
8050010040,0.7333914257858181,0.864192620957455
8050112340,-0.4923284242283785,0.5740643227398325
8050122100,0.69100147191666,0.8370426043578797
8050150960,-3.5114793300211247,0.1986669401098673
8050177260,0.7671985357825176,0.8828335654210578
8050190480,0.6969669201778375,0.8457597170725772
8050201110,-1.2188890803357664,0.41434424357954924
8050219130,0.8862199663665675,0.942958168778107
8050231190,0.908667865048993,0.9540081372585529
8050272130,0.6905986576436354,0.8669852215907743
8050328000,0.7639615225014289,0.8980221781449577
8050331980,0.8078226624048941,0.9167242229284852
8050332600,0.5397731124310048,0.8082554911979556
8060000060,0.7668324329380789,0.9017397630265287
8060002140,0.7251369994182209,0.9020598340999144
8060002160,0.5349811983618977,0.9487356660705693
8060008470,-0.15216871594171155,0.5126315602338986
8060009130,0.291157969344237,0.650556584906797
8060011450,-0.915674672997165,0.32829415195982015
8060122100,0.69100147191666,0.8370426043578797
8060129850,-0.5848654069462149,0.9189680285867327
8060177260,0.7671985357825176,0.8828335654210578
8060191680,0.5480336662186751,0.8010478887439466
8060245770,-1.5350361286688745,0.11663030940274732
8060246110,0.8252786229289006,0.9094395625654417
8060264760,-4.256819864942748,0.40830540297935836
8060274770,0.8294380652036588,0.9111705696030511
8060285990,0.8748268567258212,0.9368621850642764
8060299220,-1.8164937324349344,0.861928525080596
8060303080,-0.8769979013872873,0.6353564734974575
8060308720,0.6117964674533913,0.7839855740674199
8060316070,0.2013257663142337,0.7467412649724166
8060331910,0.1414754138632015,0.41442686578371024
8060332270,0.8364884649538241,0.9154432705798837
8060332600,0.5397731124310048,0.8082554911979556
8060335620,0.5865835289873216,0.7914751459591899
8060340710,0.6592480157067577,0.835687007088631
8060342780,0.22024610678250423,0.7521614900043146
8060343130,0.8465260826009997,0.9244395328685242
8070002140,0.7251369994182209,0.9020598340999144
8070002160,0.5349811983618977,0.9487356660705693
8070009130,0.291157969344237,0.650556584906797
8070011450,-0.915674672997165,0.32829415195982015
8070129850,-0.5848654069462149,0.9189680285867327
8070191680,0.5480336662186751,0.8010478887439466
8070219790,0.3025953883920812,0.6988415597487464
8070242820,0.22356110600688284,0.8244079223061156
8070246590,0.43095199333840317,0.7804233405194181
8070264760,-4.256819864942748,0.40830540297935836
8070274770,0.8294380652036588,0.9111705696030511
8070299220,-1.8164937324349344,0.861928525080596
8070316070,0.2013257663142337,0.7467412649724166
8070320030,0.3423684938452872,0.6684401279973482
8070331910,0.1414754138632015,0.41442686578371024
8070332000,-1.2499150320728423,0.6694022305689461
8070332390,0.6246730932754869,0.871720506630983
8070332670,0.46368505305166363,0.8638459585966729
