basin,nse,kge,topo_lv,routing_lv
1050009170,NaN,NaN,1,1
1050012020,NaN,NaN,1,1
1050012210,NaN,NaN,1,1
1050012590,NaN,NaN,1,9
1050012810,NaN,NaN,1,1
1050013070,0.6615381726849363,0.698723918269631,1,1
1050013950,0.5167112947923448,0.3696057451837348,1,1
1050014220,0.041251614630199995,-0.17565732312157567,1,1
1050014490,0.13737094555011742,-0.04006947211974099,1,1
1050014920,0.07452378992739528,-0.8160476562559362,1,1
1050015850,NaN,NaN,1,9
1050016760,0.279372210932503,-6.549004268170419,1,1
1050017350,-0.17077347928739295,-2.9201815139484255,1,1
1050018120,NaN,NaN,1,5
1050023130,-0.9626064800936369,0.20589661795633873,1,1
1050023890,-3.3971907899543208,-2.4412047492063347,1,1
1050023950,-12.032756026839309,-2.1392872201065964,1,1
1050024070,-3.0430600525367684,-0.22590253745433753,1,1
1050024870,NaN,NaN,1,1
1050025000,NaN,NaN,1,1
1050030450,-0.0333244168603839,-0.2791386000746503,1,1
2050003550,NaN,NaN,1,1
2050004130,NaN,NaN,1,1
2050004280,NaN,NaN,1,1
2050005120,NaN,NaN,1,1
2050006110,0.03500385528676264,0.562881635585162,1,1
2050007930,NaN,NaN,1,11
2050008350,NaN,NaN,1,1
2050008490,NaN,NaN,1,13
2050012980,NaN,NaN,1,1
2050013010,NaN,NaN,1,1
2050016510,NaN,NaN,1,1
2050017150,0.6294133991865933,0.7774861183636257,1,1
2050017480,-0.9540458341741,-0.29215836508898696,1,1
2050017690,0.23254455077487424,-2.5367418096792704,1,1
2050018360,NaN,NaN,1,1
2050018460,NaN,NaN,1,1
2050018840,NaN,NaN,1,1
2050020590,NaN,NaN,1,1
2050021030,NaN,NaN,1,5
2050023010,0.7508867709333764,0.8075069969293442,1,5
2050024170,0.2737582204777731,0.5237221726652694,1,5
2050026060,0.3277679221197629,0.5164042582077959,1,5
2050026550,NaN,NaN,1,5
2050026920,0.7101871394442827,0.7719322550942458,1,1
2050027320,0.6758353903684227,0.7255171311519506,1,1
2050027350,0.48913478964761736,0.37733210798823247,1,1
2050028110,NaN,NaN,1,1
2050028310,-1.4544604458457813,0.40599642182048823,1,5
2050029320,0.6382557216476992,0.8176166281955797,1,1
2050030060,0.8071449229393365,0.7494744015046348,1,1
2050030100,0.7461240552777286,0.717601586529623,1,1
2050030260,0.179022856254328,0.5389811501791744,1,1
2050030480,0.47009200972801923,0.6256133333265415,1,1
2050030650,0.7095266444480269,0.6280909041010257,1,1
2050031060,0.5491529753350858,0.6153072228343446,1,1
2050031490,0.5955864014931854,0.6555340052874308,1,1
2050031740,0.6408365092220027,0.5872975031110552,1,1
2050031960,0.721529977637624,0.7168451912500794,1,1
2050032670,0.8116432237155076,0.8247428697268415,1,1
2050033010,0.7833569031279821,0.8781727339384071,1,1
2050033320,0.2669840663108326,0.5394994466545235,1,1
2050033490,0.7218774782962308,0.6714825976949592,1,1
2050033670,0.6032713404916392,0.794125338972834,1,1
2050039390,0.45131006958406195,0.7345450316868427,1,1
2050041420,0.3702900281691407,0.23330574158789696,1,1
2050067740,NaN,NaN,1,5
2050068680,NaN,NaN,1,13
3050001840,NaN,NaN,1,17
3050002000,NaN,NaN,1,1
3050002680,-1.078412537049843,-0.2616888824414507,1,5
3050008310,0.7595156313797871,0.678538840169179,1,1
3050008610,-0.04515497566207638,-0.3642165533813897,1,5
3050009130,NaN,NaN,1,21
3050009670,0.5629430421335124,0.40273961693876137,1,5
3050010470,0.48875409980597895,0.4762625318393272,1,5
3050014970,NaN,NaN,1,1
3050015630,NaN,NaN,1,1
4050006570,NaN,NaN,1,5
4050007080,NaN,NaN,1,1
4050007850,NaN,NaN,1,13
4050018280,-1.2839861259656526,-1.3744230843613625,1,1
4050023810,0.5293399093783744,0.4481476211971135,1,5
5050056740,-0.10703603179552368,-0.02509203974579033,1,5
5050057320,-0.001805528439113857,-0.37444097460883263,1,1
5050057710,0.03832651207805893,-0.34066251480115306,1,1
5050057900,0.11651602877004197,-0.21838160719179256,1,1
5050058580,0.023867510231972755,-0.37590196316561775,1,1
5050059440,-0.09277232500356769,-0.28744492516592524,1,1
5050060860,0.7530246800983238,0.6445348266268098,1,1
5050061240,-0.9494629127102456,-0.3005776190601288,1,1
5050062110,0.6727154371357787,0.6233660638592353,1,1
5050064530,0.20269088629053733,-0.04155469031267178,1,1
5050065600,0.03227732289659735,-0.33570820199579665,1,5
5050068450,-Inf,NaN,1,5
5050069590,NaN,NaN,1,5
5050069960,0.218715836101669,0.015624795426211202,1,1
5050071130,NaN,NaN,1,1
5050071980,0.6938648115345283,0.8449776800283548,1,1
5050073130,0.08736694202445139,-0.08673823690132076,1,1
5050073410,-6.252452519732041,-1.1377151072168812,1,8
5050083490,0.808498714159129,0.7603168220574315,1,1
5050084900,0.6663691399800902,0.7047083774313875,1,1
5050085290,0.7629546019617057,0.8243277902824885,1,1
6050005490,0.3374833940820171,0.2930513210490312,1,1
6050007950,NaN,NaN,1,13
6050008620,0.7873756039972447,0.8265631982832073,1,1
6050009220,0.6126340477999674,0.4687405518860609,1,1
6050009430,0.43758329136925866,0.32818294350841615,1,1
6050009760,0.7152959305175284,0.8178597154146626,1,5
6050011240,0.1445972117203086,0.003682148757088388,1,1
6050011890,0.19530778900191192,0.12630763765356157,1,1
6050012020,0.5384645205650643,0.6434927638866413,1,1
6050012280,NaN,NaN,1,1
6050012790,0.46726633449652566,0.4446760870296037,1,1
6050013420,0.3664605574721169,0.3220026820983183,1,1
6050013750,0.7194107702191194,0.8399255245918161,1,1
6050015560,NaN,NaN,1,1
6050016760,NaN,NaN,1,5
6050018850,-2.364762381098452,-0.8135545848162427,1,5
6050019090,-4.453455713664733,-0.2727820908735197,1,5
6050024060,NaN,NaN,1,1
6050026750,0.8926808807353928,0.904751375836331,1,1
6050026990,0.6110043191464645,0.7637259595014956,1,1
6050027290,-3.661823006796853,-1.1445046033996653,1,1
6050027770,0.5416439348812667,0.6375390017556779,1,1
6050028110,NaN,NaN,1,1
6050028290,-0.07646502061940241,-0.4923516145663398,1,1
6050033220,0.45821474081713687,0.6708561148535512,1,1
7050004210,-19.88161340535208,-3.198858490413067,1,1
7050004660,NaN,NaN,1,1
7050006390,-0.6081639741384406,0.31784076060541966,1,5
7050006420,0.4891324437725022,0.525634965500632,1,1
7050006910,0.11153245913206278,0.16398751327139904,1,1
7050007380,NaN,NaN,1,1
7050008710,NaN,NaN,1,13
7050013170,0.7241028457433043,0.627785170188063,1,1
7050014040,0.7987219789217933,0.7894256829388222,1,1
7050014930,0.025691344320931453,0.6174408246397574,1,9
7050016260,0.8752237507012591,0.8911566599349919,1,5
7050016850,0.7947990637191886,0.7717842761467817,1,1
7050019010,0.8728420583771322,0.7564786207880443,1,1
7050019190,0.9000795430751066,0.9232375131861448,1,1
7050020090,0.8377656721447203,0.741084030660754,1,1
7050021620,0.6495144157344206,0.7195679115618497,1,1
7050021740,-0.7186967672231999,0.0842567372468499,1,5
7050022240,-19.3120090102963,-0.3592600668993815,1,11
7050022270,0.32235066121710454,0.585975632616442,1,5
7050024830,NaN,NaN,1,1
7050024890,0.7738150078130644,0.8525808363206447,1,1
7050025090,NaN,NaN,1,1
7050025560,NaN,NaN,1,1
7050025860,NaN,NaN,1,1
7050028410,NaN,NaN,1,1
7050029000,NaN,NaN,1,1
7050030940,0.45729238838848363,0.5606650938731168,1,1
7050031710,0.5794259333275757,0.7285136265530743,1,1
7050033110,NaN,NaN,1,1
7050033690,0.8703653982930223,0.9194216400012725,1,1
7050034000,NaN,NaN,1,1
7050034010,NaN,NaN,1,1
7050034330,0.5411830640280961,0.6848199100145065,1,1
7050038810,0.5217663355674966,0.4453197023733486,1,1
7050039160,0.7618889093096324,0.8624847741181297,1,1
7050039620,0.7321036328600975,0.7360087596801042,1,1
7050041050,0.7565753264465882,0.7492035302140032,1,1
7050041400,0.7524677085481812,0.7219308142515396,1,1
7050042310,0.5776177845700892,0.7844929905918415,1,1
7050042740,0.5099619509682176,0.6723653274302082,1,1
7050043500,0.6442616809391859,0.7565837031133524,1,1
7050043640,0.7345339660367853,0.7621072807065103,1,1
7050045480,NaN,NaN,1,1
7050045890,0.4858554191702662,0.7187927605180331,1,1
7050046600,0.4304058602343558,0.5758804411050853,1,1
7050047970,-0.1967467849328055,0.1674608385957923,1,1
7050048300,0.017248327036939126,0.02415037856610114,1,5
7050048410,-0.14535844835024458,-0.3713864320157858,1,5
7050048860,-0.022838321557804964,-0.32343969988363774,1,1
7050049270,-3.6819851307047093,-0.38322369265678313,1,5
7050061620,0.5865724152387011,0.7318381569983584,1,1
8050000810,0.7544974183497309,0.619119107535877,1,1
8050002260,0.8132662994658426,0.8048578683424144,1,1
8050004910,0.8556570511220976,0.9065623318801707,1,5
8050005510,NaN,NaN,1,9
8050007020,0.7335495986786182,0.7755231486272682,1,1
8050007180,NaN,NaN,1,1
8050008380,NaN,NaN,1,1
8050010040,0.6218821886613443,0.47027699233906084,1,1
8050012600,0.4726010189973999,0.28896584536389147,1,1
8050018080,0.16168247564727056,-0.0946379787898739,1,1
1051299640,NaN,NaN,2,4
1051472390,NaN,NaN,2,5
1051620260,-0.3111997798633468,-0.24707961461551764,2,8
1051455380,NaN,NaN,2,4
2050501810,-13.053510140458114,-2.2352688794651168,2,8
2050420240,0.8838309295004791,0.9149210457860315,2,1
2050420340,0.8472593970881359,0.9069650143645475,2,4
2050355620,0.7826703395936025,0.8746270073553153,2,1
2050355700,0.35255811059145015,0.4849757773180392,2,4
2050362370,-0.7953624645749182,0.36960468366500765,2,4
2050362600,NaN,NaN,2,1
2050172450,NaN,NaN,2,1
2050645200,NaN,NaN,2,4
2050828790,0.652874431518189,0.7474660256018979,2,1
3050173840,NaN,NaN,2,4
3050057220,NaN,NaN,2,4
3050063670,-0.30070211987155715,-0.7229698067923722,2,4
4050098950,NaN,NaN,2,20
4050694350,NaN,NaN,2,8
4050978600,NaN,NaN,2,4
4050978610,NaN,NaN,2,1
4051144880,NaN,NaN,2,1
4051144860,NaN,NaN,2,12
4051019890,0.8815848855939664,0.9183329985436832,2,1
4050237450,NaN,NaN,2,4
5050241060,0.07484886835093774,-0.1919384765065324,2,4
5050591010,-4.529315990907834,-1.8706917692732183,2,7
5050491510,-35.25610901763002,-7.80272851033617,2,5
6050075390,NaN,NaN,2,12
6050099060,-0.6009690862289547,-0.16642237113447678,2,4
6050239820,0.8908742280837005,0.7758456074606475,2,5
6050344540,NaN,NaN,2,12
6050344660,0.34399782844862703,0.355611731764227,2,1
6050334800,0.5477212435362355,0.10949634417556764,2,1
7050707810,-6.723458720406447,-7.730703210065295,2,5
7050587960,NaN,NaN,2,4
7050394690,0.250316282817873,0.6563772414900848,2,8
7050394680,0.8583240004099175,0.742820301276264,2,1
7050274860,0.9322607555306582,0.9419707660504658,2,1
7050142610,0.010673478242979817,0.21858093700590187,2,1
7050132870,0.15814917621551272,0.35511662341147543,2,1
7050129300,-0.6591761112236891,0.1279778704245682,2,4
7050136320,-7.438082868912478,-1.3044997421563376,2,4
7050252580,NaN,NaN,2,4
7050252700,0.5752572680712664,0.7396652317810947,2,1
7050112210,-7.522191078443601,-1.9020536100210998,2,4
7050112130,0.7723949765578617,0.6652141821876167,2,1
7050374800,0.23506827666657404,0.3971499526677509,2,1
7050374950,NaN,NaN,2,12
7050739170,0.6801310419834703,0.7691383847804809,2,1
7050739180,NaN,NaN,2,4
7050741770,NaN,NaN,2,12
7050747570,0.01431110625044929,-0.38748685004733363,2,1
8050183880,NaN,NaN,2,8
8050112340,0.6448246669713457,0.7669152100327534,2,1
8050129410,-0.014316592187378907,-0.10009805067587663,2,4
8050201110,0.8868114197697782,0.9378880398157362,2,1
8050201080,NaN,NaN,2,4
1051299550,NaN,NaN,3,3
1051576130,NaN,NaN,3,1
1051576090,NaN,NaN,3,7
1051440050,NaN,NaN,3,3
1050873640,0.402306473391314,0.2981843618667803,3,3
1051923540,NaN,NaN,3,7
1051515680,-1.6726011365435167,-0.3528049090999066,3,7
2050557390,0.4883449688164162,0.7747457805873444,3,11
2050502920,0.8491964424575232,0.8870918727978306,3,1
2050429670,0.8029394709131028,0.7997794537513018,3,1
2050429770,0.7671944645090831,0.8230967359119368,3,3
2050379560,0.371230828800056,0.48897380875674423,3,3
2050379690,0.807654234424225,0.8544216825795533,3,1
2050358250,0.8514664955036374,0.9128471724626632,3,1
2050366520,NaN,NaN,3,1
2050154540,NaN,NaN,3,3
2050384360,0.011580815740870665,-0.2379983738842264,3,3
2050816870,0.522167671511283,0.5942486432761347,3,1
3050143180,NaN,NaN,3,23
3050127410,0.5125893620224815,0.4003528784422494,3,3
4050128810,NaN,NaN,3,19
4051128230,NaN,NaN,3,11
4051010310,0.5841775783650283,0.5130670844374492,3,3
4050960480,NaN,NaN,3,5
5050533450,-0.16654375232217578,-0.5727109373960919,3,6
6050238630,0.7180008006952432,0.8049106988694422,3,1
6050298170,0.9280571110923497,0.8815757573142703,3,1
6050345180,-1.4802699708450717,0.742752703190857,3,11
6050345000,0.558440523236696,0.5775682800500468,3,5
6050372330,NaN,NaN,3,3
6050852180,0.4662717365087079,0.4407106149679828,3,1
6050913910,NaN,NaN,3,3
7050675400,-13.790711510342687,-0.7340136584550365,3,11
7050675410,0.3574682081638081,0.5630656327184382,3,1
7050574760,0.6866866092410927,0.7045315144492303,3,1
7050574630,-1.3616014815443753,-0.10896261958458764,3,3
7050395340,0.5219550927622376,0.7160310074028482,3,1
7050234050,0.8165742930073897,0.7226693078408952,3,3
7050234040,0.8623378982221367,0.8996685435792081,3,1
7050145540,-1.223963682990624,0.12215604586594409,3,3
7050145630,NaN,NaN,3,1
7050134100,-39.05038342125003,-0.454346324072449,3,9
7050134090,0.6333642454193467,0.764389411750731,3,1
7050241270,0.35139336303397695,0.2872060370823356,3,3
7050262150,0.7729878293580419,0.8042250219792297,3,1
7050402320,NaN,NaN,3,5
7050402430,NaN,NaN,3,11
7050686450,NaN,NaN,3,5
7050736840,NaN,NaN,3,4
7050744090,0.06208545403324206,0.28768883412820767,3,3
7050737080,0.0335338958697331,-0.024555640779334587,3,1
7050790420,-0.4424123116402836,-0.7143962968037836,3,3
7050822250,-0.18535291483648364,-0.29361022686281935,3,3
7050855570,0.020351260893211154,0.3278309226279962,3,3
8050254340,NaN,NaN,3,3
8050176060,NaN,NaN,3,7
8050122010,NaN,NaN,3,19
8050122100,0.6596936028521034,0.7124606394379123,3,1
8050190480,0.7218369519886005,0.7873989936633241,3,1
8050190630,-5.355964357815745,0.019947210965367113,3,3
1051382440,NaN,NaN,4,1
1051443680,NaN,NaN,4,14
1051626210,-0.08731500346182375,-0.23436054627341907,4,6
1051244040,NaN,NaN,4,14
1050842500,0.24671223539501808,0.017640143021964372,4,4
1050734180,NaN,NaN,4,1
1050734190,NaN,NaN,4,6
1050670570,NaN,NaN,4,3
2050569550,0.4506729452842889,0.7585840352381781,4,10
2050441280,0.7526182056122082,0.7903155232662693,4,2
2050441290,0.7732786954432906,0.8488247737722161,4,1
2050362090,0.03911052748728372,0.31565036594285134,4,2
2050366020,0.6809032137617514,0.7084463723957246,4,1
4050670500,NaN,NaN,4,3
4051108580,NaN,NaN,4,5
4050956110,0.7307648482266975,0.6698439271495802,4,2
4050956230,NaN,NaN,4,10
5050595630,0.13099705617920188,0.0792737990121487,4,3
5050595640,0.39600593041836385,0.32498383998014,4,1
5050456070,-0.1413309240467011,-1.079939877383246,4,5
6050384210,0.8435988343988661,0.6924311659093894,4,1
6050384320,0.7855507607689884,0.7096664368955496,4,3
6050411450,0.8724152989325294,0.9072536553352504,4,10
6050408150,0.740927901210543,0.774450517349747,4,4
6050842130,0.1408619935385761,0.44005911443979784,4,1
6050887140,NaN,NaN,4,22
6050960580,NaN,NaN,4,2
7050379430,-0.3569169139313837,0.5033743231649574,4,5
7050379310,-0.9458492463358381,-0.005429181121800575,4,6
7050192890,0.6478842140995953,0.6770746302028596,4,1
7050144740,-0.2779787251037673,0.3036419234644041,4,2
7050146980,-197.30769575225204,-10.933065230748154,4,2
7050151690,-3.9735115091467055,-0.5278825626732373,4,2
7050712410,0.5034719411421144,0.4938162544412549,4,2
7050682360,0.48465302596896676,0.6749496751528744,4,1
7050649900,0.2873685332505228,0.32900590993542456,4,1
7050689810,-0.7339693190556853,-0.3246908764859302,4,3
7050701650,0.15241763380909412,0.01670869708598588,4,2
7050730500,0.019787486489296513,-0.22402488732190684,4,1
7050730390,NaN,NaN,4,2
8050141350,NaN,NaN,4,1
8050141480,0.48489362835554317,0.4621862326995415,4,6
1051629430,-0.013462250974304313,0.4179019702055242,5,1
1050606570,NaN,NaN,5,1
1050606740,NaN,NaN,5,9
1050700890,-10.245574195376044,-1.5746545503591043,5,2
1051477980,-2.2985713551875087,-0.743953965741194,5,5
2050439160,NaN,NaN,5,5
2050448220,NaN,NaN,5,7
2050575490,0.23492950384049704,0.7294474817338522,5,9
2050491750,0.7753426038001117,0.8435810254723733,5,1
2050491760,0.7796907731804263,0.7752286409667435,5,1
2050429790,0.7214282711713051,0.6955144139283467,5,1
2050374390,0.628738985727878,0.5738445164193446,5,1
2050374110,-0.07761064407753326,0.28783423199613334,5,1
2050364780,NaN,NaN,5,1
4051100360,NaN,NaN,5,9
4051100320,0.4926674459291096,0.513045668338304,5,1
4051108670,NaN,NaN,5,4
4050496830,NaN,NaN,5,9
4050420980,NaN,NaN,5,1
5050593410,-4.740290778100097,-1.4414861040475961,5,2
5050524970,-0.07495570864703693,-0.4452871543061925,5,4
5050511570,0.00011157793304861219,0.19901791374852373,5,1
6050451380,0.7055677283268936,0.7827652203790046,5,3
6050451390,0.7023409483958516,0.804435104039601,5,1
6050942470,NaN,NaN,5,1
7050329370,0.8052962730633068,0.8174055446875114,5,1
7050329490,-0.5436884026488205,0.41356838421681996,5,4
7050388580,0.8377752439973503,0.7528949561695556,5,1
7050388740,-2.3702595599156844,-0.26948629005997504,5,5
7050177910,0.872026739338237,0.9117589236267112,5,1
7050177760,0.7397657552707793,0.8598247319846367,5,1
7050191700,0.5529495314499697,0.6876045485913772,5,1
7050237270,-866136.1073038185,-32.60780929365199,5,1
7050287970,0.5153435972247739,0.6163995390524826,5,1
7050400760,-0.5394620055837209,0.4383927396202907,5,3
7050439780,0.7168432036028201,0.736621429212782,5,1
7050439770,-35.88328187804786,-0.03002957092951042,5,9
7050642090,0.468724446287038,0.6003184615642025,5,1
7050683890,-0.12420876383021207,-0.3808369057367402,5,2
7050696340,-0.017137590406168357,-0.33182343561645555,5,1
7050763030,-0.20575082062093641,-0.25427515103658704,5,1
8050219130,0.8920778081061397,0.8665502035954269,5,1
8050164290,NaN,NaN,5,17
8050177260,0.5866690957814831,0.6465271444241416,5,1
8050177370,0.5549470586383274,0.72088398388147,5,1
1051347090,NaN,NaN,6,1
1051552540,0.077853002850374,-0.5644219162880049,6,4
1051552590,0.536297962512895,0.48281874081482845,6,1
1051628750,0.032764322248055366,-0.1964079695724863,6,4
1051628760,-0.12351286481412349,-0.35161380508562257,6,1
1050803360,0.4500152157618831,0.22329147928045945,6,2
1050632050,NaN,NaN,6,1
1050845830,NaN,NaN,6,1
1051474490,NaN,NaN,6,4
2050557800,0.6803893089588962,0.7329082500531805,6,1
3050345400,NaN,NaN,6,12
3050215990,NaN,NaN,6,5
3050264710,NaN,NaN,6,5
4050169390,NaN,NaN,6,16
4050431380,-1.9167835994964793,-0.6226260786321416,6,8
4051110370,-7.574880960571793,-2.5885699689898867,6,1
4051110320,NaN,NaN,6,3
5050528230,-0.034608689208123655,-0.44785726869268894,6,3
6050546240,0.035051287888063554,0.5449835249465478,6,2
6050510890,-3.382475944957143,-0.1712289269451348,6,8
7050702460,0.39166713423816035,0.2914843168310215,6,1
7050334780,-0.1466915048859574,0.3978593266895105,6,3
7050334790,0.85186391225109,0.9167819051575523,6,1
7050438790,-2.57894902759235,-0.3072071387905635,6,4
7050192420,-6.322783031403418,-0.4963032094050517,6,6
7050400520,-2.032903106475122,-0.011875544704572416,6,2
7050641910,0.3912964597236571,0.3087179002424023,6,2
7050674630,-0.07653594666464913,-0.4195731592463432,6,1
8050190880,-1.398203005041954,-0.9459174698858843,6,2
8050221510,0.658364844624641,0.6534988507378219,6,4
8050183070,-97.0169891800418,-0.07017387607313541,6,5
1051431480,NaN,NaN,7,5
1051623250,0.2599046068971298,0.3770342451303581,7,1
1051623270,0.1817879375317164,0.02985805408877551,7,3
1051210800,NaN,NaN,7,4
1050792830,NaN,NaN,7,1
1050792840,-0.6367860308165489,-0.09243839110641283,7,1
1050852870,NaN,NaN,7,3
2050555780,0.7225989162733302,0.8201649142425556,7,1
2050302310,NaN,NaN,7,4
2050292690,NaN,NaN,7,1
3050387130,NaN,NaN,7,11
3050299300,0.4371769013673529,0.3285514401580224,7,5
3050299510,NaN,NaN,7,15
4051071320,NaN,NaN,7,1
4051098480,NaN,NaN,7,2
4050313840,NaN,NaN,7,1
5050525750,0.022504595901578606,-0.37770009558171247,7,2
6050262110,NaN,NaN,7,11
6050594780,-0.24193546978464964,0.2478140984981997,7,1
6050562020,-1.0853423302117902,0.032392207665537964,7,7
7050632220,0.2627732606008534,0.17688146759030732,7,1
7050632150,-14.717811487811705,-0.2132548908865899,7,7
7050305410,NaN,NaN,7,1
7050305280,-1.5420576964878627,0.09008190362525359,7,2
7050194860,-1.425929063748037,-0.44135449078119837,7,5
7050194980,-0.29132368978422196,0.2618534362653393,7,3
7050206680,0.3066665842168026,0.4308301202892908,7,1
7050632870,-0.09594902427425822,-0.36803164963200086,7,1
8050224890,NaN,NaN,7,1
8050231190,0.9274756573874386,0.8949007758658781,7,1
8050231240,-0.9908385088982277,-0.11941417372571261,7,3
1051438780,-2.618671325637714,-0.42315869589728217,8,5
1051616230,0.29103648878403754,0.19618806007020684,8,2
1051616280,NaN,NaN,8,1
1050644790,NaN,NaN,8,5
1050644920,NaN,NaN,8,6
1051435100,NaN,NaN,8,2
2050397580,NaN,NaN,8,4
2050548700,-0.09654368682478043,0.4510504940473936,8,6
2050548500,0.5602197790784402,0.6325432940173663,8,5
2050289120,NaN,NaN,8,6
4051073830,NaN,NaN,8,6
4051073760,NaN,NaN,8,1
4050549780,NaN,NaN,8,1
6050325720,0.48739480661625556,0.5800475781497296,8,4
6050476790,0.7033227134254991,0.613027251199148,8,6
6050595200,-0.6460823376777365,0.13296835802198037,8,6
6050837910,NaN,NaN,8,18
7050608130,0.5044511899393354,0.5985414584883094,8,1
7050445160,-1.0949773858334497,0.042855586028326176,8,2
7050445150,0.1976888899916529,0.3413937919562451,8,1
7050256540,0.4982928202535978,0.6322653145646413,8,1
7050256690,0.5061554858552259,0.4081594041564197,8,2
7050250980,NaN,NaN,8,3
7050250990,-0.18187924906006425,0.5239122147553076,8,1
7050612840,0.12099613809614784,0.5026362728588349,8,6
7050612640,0.6722580978790583,0.5708977767572372,8,5
8050196880,NaN,NaN,8,1
1051577000,NaN,NaN,9,1
1051608860,0.25812470777864893,0.17580946512892204,9,1
1051052780,-0.47860442883591836,-0.09596069297753651,9,4
1051052770,0.31313887288409337,0.6793561267091268,9,1
1051235380,NaN,NaN,9,2
1050667360,NaN,NaN,9,5
1050667560,NaN,NaN,9,1
2050539930,-0.7506626384871327,0.3158692627397054,9,5
2050540100,0.5668954943710371,0.6954137441230169,9,1
2050525040,0.11359159002313624,0.4675220506042994,9,1
4051043580,NaN,NaN,9,5
6050405310,0.2674592243314009,0.5893918862558392,9,1
6050405320,0.7489789678693,0.7793872726407715,9,3
6050527670,0.817788072176161,0.8237909310846894,9,1
6050527680,0.8345225962815318,0.7688443374279532,9,5
6050639910,0.7144398662732441,0.775304779619777,9,1
7050585120,0.8032490569131141,0.8875046400012424,9,1
7050585110,-0.8750354223274768,-0.2076204432249522,9,5
7050466540,-0.2717824395653632,0.08268915182023662,9,1
7050208410,-0.4442106665275829,-0.04817959174251385,9,3
7050208540,-0.2195516610906867,-0.22639245013269504,9,1
7050282770,0.6696060991566068,0.7454887668592862,9,1
7050282720,0.27962596558081987,0.4674863011245486,9,1
7050284070,0.1064359047054676,0.2890750013316058,9,2
7050284240,-3.125309038941106,-0.47820025772394525,9,1
7050392520,NaN,NaN,9,5
7050569640,-0.9558646464473082,0.06173712129484765,9,5
7050569650,NaN,NaN,9,5
7050610850,0.6231675705597202,0.7840271924643503,9,1
8050259520,-24.328400927871044,-3.2863142110733197,9,1
8050259590,0.3941898045974259,0.3261979110293234,9,1
8050231700,NaN,NaN,9,13
1051412570,NaN,NaN,10,3
1051412560,-6.915460144762581,-1.1985652688644937,10,1
1051103500,0.594497532173722,0.4716860718018895,10,1
1050742280,-4.1650772615475065,-1.5741872047632173,10,1
1050742220,NaN,NaN,10,12
1050677890,NaN,NaN,10,1
1050677900,NaN,NaN,10,4
2050514730,0.6040550098070143,0.6010556582547022,10,3
3050458510,0.5220035713656944,0.3808816454200048,10,2
3050337380,NaN,NaN,10,16
3050462780,NaN,NaN,10,1
4050150480,NaN,NaN,10,1
4050544080,NaN,NaN,10,1
6050457840,0.6510546914401427,0.5951008348203741,10,2
6050550960,0.6155429485583359,0.5692850109575989,10,4
7050539540,0.7055234941010351,0.8521589926830412,10,1
7050184430,0.20903808490232312,0.24234079126890706,10,2
7050184580,0.06447887132585428,-0.12053786803877697,10,1
7050289500,0.5419148350547089,0.4370819838681217,10,1
7050289200,0.6685960164945437,0.7067873380439591,10,1
7050562140,NaN,NaN,10,1
7050562040,-1.880065794650649,0.13742958193269417,10,4
7050566040,0.5654294669085733,0.6510830355165063,10,1
7050609780,0.44824813230461225,0.6095205948926878,10,1
8050243400,NaN,NaN,10,12
8050150960,0.620809521493781,0.7138113863009434,10,1
2050488190,NaN,NaN,11,3
3050460810,-0.19389608546410075,0.11432581680399401,11,7
3050495710,0.6706690995225927,0.6726021304572098,11,1
3050402820,-7.388488621675254,-0.12917019509288807,11,11
4050784170,NaN,NaN,11,3
6050150590,NaN,NaN,11,3
6050483010,0.7356296309312959,0.7045371423827373,11,1
6050483020,-339.1140375710621,-19.926347544852124,11,1
6050565980,0.05844022563137652,0.1366433898544248,11,1
6050565970,0.5747174568111427,0.5189193412542281,11,3
6050652910,0.78198368080885,0.7546690485834315,11,1
6050814830,NaN,NaN,11,15
7050538950,0.5200762121131652,0.675668541063541,11,1
7050538960,0.5804146575562765,0.5102692149512623,11,3
7050202930,0.4187750593164836,0.6727057180489124,11,1
7050203140,0.45430590610225896,0.7288728087277879,11,1
7050514640,0.2396011578040378,0.3429488693512147,11,1
7050514490,-3.318659783501838,-0.38497317691751043,11,3
7050531330,-0.24430360902488735,0.3132455729010165,11,3
7050531210,0.43946715145933757,0.49062425392016584,11,1
7050594340,0.7077414093329453,0.6091224893046361,11,2
7050594240,0.33753459097354954,0.40030778413099055,11,1
8050252610,NaN,NaN,11,11
8050252760,0.6334438915440033,0.48034509362338684,11,5
1051400740,-0.8786332125773193,0.21953936559489018,12,1
1051400750,-0.07532319959782874,-0.0640028143734912,12,1
1051125060,NaN,NaN,12,6
1050722720,-1.4759851867617506,0.05355591761697476,12,10
2050477000,0.6139930311315454,0.6332708325181091,12,2
2050476910,0.6888508834028351,0.7176610758861386,12,1
2050478420,0.4358872414781978,0.5846819888036148,12,1
3050481940,NaN,NaN,12,6
6050285930,-6.814702354088636,-0.6016650609999528,12,6
6050285990,NaN,NaN,12,5
6050622980,0.5288167336269458,0.6426101450418434,12,2
6050622990,0.6804485631872876,0.8271777819965872,12,1
6050793620,0.5389690625705288,0.5194558475422695,12,1
7050527230,0.7928554066973721,0.7776861766828975,12,1
7050419360,0.6541149075823738,0.40478875034076556,12,1
7050419260,-1.4102574963871715,-0.24401108691728668,12,2
7050511950,-0.44643588845456583,0.18059783462473022,12,2
7050512060,0.5092642448118061,0.6868289266269063,12,1
8050269450,NaN,NaN,12,1
8050270520,0.593067256679048,0.43392640977416774,12,4
8050270510,0.758486373975062,0.7242545772093733,12,1
1051473880,-0.03712400506132618,-0.03961020432097073,13,5
1050668760,0.28373816086843406,0.1027869509160193,13,1
2050465720,0.7834691009654033,0.8216672720143017,13,1
2050465610,0.718025262974944,0.81097330429082,13,1
3050496590,-0.11685146306561145,-0.3721892972895644,13,5
6050280410,-7.025372593498114,-0.32493340660676484,13,5
6050337190,-0.14248737850964677,0.13161964548402716,13,4
6050337320,0.9051982644315005,0.8848612434850937,13,1
6050624870,0.21987895681358938,0.5800702096119311,13,1
6050790150,0.11842077719424038,-0.035772169280802846,13,1
6050790160,-3.835780807761898,-0.2395430723019445,13,3
6050774200,0.35152439389664203,0.5910834683337747,13,1
7050508340,0.3380708454534117,0.23545088779159384,13,1
7050332670,-0.37586888270070773,-0.1137627382649149,13,1
7050332680,0.6704878118962639,0.6709437252085995,13,1
7050415980,0.7103493084874906,0.67115701200683,13,1
8050272130,0.6980067608176628,0.7794223190759503,13,1
1051487890,-2781.3595153619135,-19.81550846803028,14,4
1051423960,-0.15832924810367888,0.3953066962450785,14,1
1051423970,0.24722776511388667,0.328029191541618,14,4
1050635020,-0.14229868500981624,0.12064479041940945,14,8
1050635010,NaN,NaN,14,1
3050511890,NaN,NaN,14,3
3050628740,NaN,NaN,14,4
3050511770,NaN,NaN,14,4
6050294270,-7.321572923828494,-0.9247246826542377,14,4
6050425550,0.7284292003344781,0.6303624984528307,14,1
6050425540,0.06878233585821514,0.22235261047478516,14,3
6050710030,-2.10470818983763,-0.04441143823056226,14,2
6050762870,0.5847631176874484,0.7091078521562685,14,1
8050271080,NaN,NaN,14,1
8050298770,0.4304632755322826,0.29574985091218553,14,2
1050577750,NaN,NaN,15,7
3050577190,NaN,NaN,15,3
3050455600,NaN,NaN,15,11
3050406840,-0.018848884669883992,0.023904960806967468,15,7
6050287830,0.5508158797755964,0.46941534272188057,15,1
6050491730,0.3394148687035995,0.3825473163634897,15,2
6050667100,0.7848835487910717,0.8946530250978977,15,1
8050297770,0.6604068068587724,0.500366336915181,15,1
8050297840,0.7908070277044678,0.6547444065145014,15,1
1051315930,0.04605268885438463,0.4406620416972451,16,2
1050603890,0.12342502296656443,0.3441254729180284,16,6
3050483880,NaN,NaN,16,10
6050266740,-4.544354153677675,-0.2208967372108852,16,2
6050266880,0.7899861344395698,0.7928865768276482,16,1
6050224360,-0.34697493826009995,-0.03712907766839657,16,2
6050532210,0.8445291756150263,0.8629906293044544,16,1
8050264770,-1.0299298055153492,0.45046305636791717,16,6
1050641670,NaN,NaN,17,5
3050483500,NaN,NaN,17,9
3050483590,NaN,NaN,17,1
3050532890,NaN,NaN,17,4
4050095270,-0.807280847552494,-0.43195728565642066,17,5
6050207670,-0.907724438473807,-0.05844752777901241,17,1
6050755240,0.576309192284836,0.7356364401182145,17,1
8050307380,-0.1741367216661358,0.32807765884382856,17,5
1050682900,NaN,NaN,18,4
1050651900,NaN,NaN,18,4
3050545290,NaN,NaN,18,8
3050477800,NaN,NaN,18,4
6050728580,NaN,NaN,18,8
8050315230,NaN,NaN,18,1
8050315160,NaN,NaN,18,4
1050689850,0.6489533767190809,0.5911366395951613,19,3
1050696830,0.47605301379796783,0.3119048516458879,19,3
3050639250,-0.7723854684407887,-0.6141985527151719,19,7
3050607060,0.6392521304945531,0.6362417294527287,19,2
3050479690,NaN,NaN,19,3
8050311100,NaN,NaN,19,3
8050331970,-0.569675719278562,0.3339803794971907,19,3
8050331980,0.7791314734556687,0.8853959409941353,19,1
1050737100,0.5394849986176252,0.4372385127233983,20,2
1050737110,NaN,NaN,20,1
8050327990,0.4868464552688403,0.5441649561689117,20,2
8050328000,0.5993157162354956,0.6977997308752901,20,1
8050332620,-1.9180892464877837,0.05321501392362915,20,2
8050332600,0.6488637032422744,0.6728867499757549,20,1
1050715100,-4.24789252002551,-1.541016677004201,21,1
1050761260,NaN,NaN,21,1
8050333190,NaN,NaN,21,1
8050333260,NaN,NaN,21,1
